A1;Douglas;AD-1 / A-1 / EA-1 Skyraider
A10;Fairchild;A-10 Thunderbolt 2
A109;Agusta / AgustaWestland;A-109
A119;Agusta / AgustaWestland;A-119 Koala
A124;Antonow / Antonov;An-124 Ruslan
A129;Agusta / AgustaWestland;A-129 Mangusta
A139;Agusta / AgustaWestland;AB139 / AW139
A140;Antonow / Antonov;An-140
A140;HESA;IRAN-140 Faraz
A148;Antonow / Antonov;An-148
A20;Douglas;A-20 Havoc
A225;Antonow / Antonov;An-225 Mriya
A270;AERO;Ae-270 Ibis
A270;Ibis;Ae-270 Ibis
A2RT;Kazan;Ansat 2RT
A3;Douglas;A-3 Skywarrior
A306;Airbus;A300B4-600 /C4-600 / F4-600
A30B;Airbus;A300B2 / B4 / C4 / F4
A310;Airbus;A310 / CC-150 Polaris
A318;Airbus;A318
A319;Airbus;A319
A320;Airbus;A320
A321;Airbus;A321
A332;Airbus;A330-200
A333;Airbus;A330-300
A342;Airbus;A340-200
A343;Airbus;A340-300
A345;Airbus;A340-500
A346;Airbus;A340-600
A358;Airbus;A350-800
A359;Airbus;A350-900
A37;Cessna;318 / A-37 Dragonfly
A388;Airbus;A380-800
A3ST;Airbus;A300-600ST Beluga
A4;Douglas;A-4 Skyhawk
A50;Beriev;A-50
A500;Adam;A-500
A504;AVRO;504
A6;Grumman;A-6 Intruder
A6;Grumman;EA-6 Prowler
A660;Ayres;S-2R-T660 Turbo Thrush
A660;Thrush;S-2R-T660 Turbo Thrush
A7;Chance-Vought;A-7 Corsair 2
A7;LTV;A-7 Corsair 2
A700;Adam;A-700 AdamJet
A743;Antonow / Antonov;An-74-300
A748;AVRO;748
A748;BAe;BAe-748
A748;Hawker-Siddeley;HS-748 Andover
A9;Aero Commander;A-9 Ag Commander
A9;North American Rockwell;A-9 Quail Commander
AA1;American;AA-1
AA5;American;AA-5
AA5;AGAC;AG-5 Tiger
AB11;Aero Boero;AB-115
AB15;Aero Boero;AB-150
AB18;Aero Boero;AB-180
AB95;Aero Boero;AB-95
AC11;North American Rockwell;112 Commander 112
AC11;Rockwell;112 Commander 112
AC11;Rockwell;114 Commander 114
AC11;Commander;Commander 114
AC11;Commander;Commander 115
AC50;Aero Commander;500 Commander 500
AC50;North American Rockwell;500 Commander 500
AC50;North American Rockwell;500 Shrike Commander
AC50;Rockwell;500 Shrike Commander
AC56;Aero Commander;560 Commander 560
AC68;Aero Commander;680F Commander
AC6L;North American Rockwell;680FL Courser Commander
AC6L;Aero Commander;680FL Grand Commander
AC6L;North American Rockwell;685 Commander
AC6L;Rockwell;685 Commander
AC6L;North American Rockwell;Grand Commander
AC72;Aero Commander;720 Alti Cruiser
AC72;Aero Commander;Alti Cruiser
AC80;Aero Commander;680T / 680V Turbo Commander
AC80;North American Rockwell;680V / 680W / 681 Turbo Commander
AC90;Rockwell;690 Jetprop Commander 840
AC90;American;690 Jetprop Commander 840 / 900
AC90;North American Rockwell;690 Turbo Commander 690
AC90;Rockwell;690 Turbo Commander 690
AC95;American;695 Jetprop Commander 1000
AC95;Rockwell;695 Jetprop Commander 980 / 1000
AC95;American;Jetprop Commander 980 / 1000
ACAR;Auster;J-5 Autocar
ACSR;Victa / AESL;Aircruiser
ADVE;Auster;J-5 Adventurer
AE45;AERO;Ae-45 / Ae-145
AE45;LET;Aero 45
AE45;LET;Super Aero 145
AEST;Ted Smith;Aerostar
AEST;Piper;PA-60 Aerostar
AIGT;Auster;J-5 Aiglet Trainer
AIRD;Beagle;A-109 Airedale
AJET;Dornier;Alpha Jet
AJET;Dassault-Breguet;Alpha Jet
ALH;HAL;Dhruv
ALIZ;Breguet;1050 Aliz
ALO2;Sud;SA-318 / SA-3180 / SE-313 / SE-3130
ALO2;Aerospatiale / SNIAS;SA-318 Alouette 2
ALO2;Sud-Est;SE-3130 Alouette 2
ALO3;Sud;SA-316 / SA-319 / SE-3160 Alouette 3
ALO3;Aerospatiale / SNIAS;SA-316 / SA-319 Alouette 3
ALO3;HAL;SA-316 / SE-3160 Chetak / Chetan
ALO3;Sud;SA-319 Alouette 3
ALPI;Auster;J-5 Alpine
AM3;Aermacchi / Macchi;AM-3
AM3;Atlas;AM-3 Bosbok
AMX;AMX;A-1
AMX;AMX;AMX
AN12;Antonow / Antonov;An-12
AN2;Antonow / Antonov;An-2
AN2;PZL Mielec;An-2 Antek
AN2;Nanchang;Y-5
AN22;Antonow / Antonov;An-22 Antheus
AN24;Antonow / Antonov;An-24
AN26;Antonow / Antonov;An-26
AN28;Antonow / Antonov;An-28
AN28;PZL Mielec;An-28 Bryza
AN28;PZL Mielec;M-28 Bryza
AN3;Antonow / Antonov;An-3
AN30;Antonow / Antonov;An-30
AN32;Antonow / Antonov;An-32
AN38;Antonow / Antonov;An-38
AN70;Antonow / Antonov;An-70
AN72;Antonow / Antonov;An-72
AN72;Antonow / Antonov;An-74
AN8;Antonow / Antonov;An-8
ANSN;AVRO;652 Anson
ANST;Kazan;Ansat
AR11;Aeronca;11 Chief
AR11;HAL;HUL-26 Pushpak
AR15;Aeronca;15 Sedan
AR79;Arado;Ar-79
ARON;General Avia;F-220 Airone
ARVA;IAI;Arava
AS02;FFA;AS-202 Bravo
AS2T;FFA;AS-202-32TP Turbine Bravo
AS32;Atlas;SA-330 Oryx
AS32;Aerospatiale / SNIAS;AS-332 Mk1 Super Puma
AS32;Eurocopter;AS-332 Super Puma / AS-532 Cougar
AS32;Aerospatiale / SNIAS;AS-532 Mk1 Cougar
AS32;Airbus (Helicopters);H225
AS3B;Aerospatiale / SNIAS;AS-332 Mk2 Super Puma
AS3B;Eurocopter;AS-332 Mk2 Super Puma
AS3B;Aerospatiale / SNIAS;AS-532 Mk2 Cougar
AS3B;Eurocopter;AS-532 Mk2 Cougar
AS50;Aerospatiale / SNIAS;AS-350 AStar
AS50;Eurocopter;AS-350 AStar
AS50;Aerospatiale / SNIAS;AS-350 Ecureuil
AS50;Eurocopter;AS-350 Ecureuil
AS50;Aerospatiale / SNIAS;AS-350 SuperStar
AS50;Eurocopter;AS-350 SuperStar
AS50;Aerospatiale / SNIAS;AS-550 Fennec
AS50;Eurocopter;AS-550 Fennec
AS55;Aerospatiale / SNIAS;AS-355 Ecureuil 2
AS55;Eurocopter;AS-355 Ecureuil 2
AS55;Aerospatiale / SNIAS;AS-355 TwinStar
AS55;Eurocopter;AS-355 TwinStar
AS55;Aerospatiale / SNIAS;AS-555 Fennec
AS55;Eurocopter;AS-555 Fennec
AS65;Aerospatiale / SNIAS;AS-365 Dauphin 2 / AS-366 Dolphin
AS65;Eurocopter;AS-365 Dauphin 2 / AS-366 Dolphin
AS65;Aerospatiale / SNIAS;AS-565 Panther
AS65;Eurocopter;AS-565 Panther
AS65;Chance-Vought;SA-366 Panther 800
AS65;HAMC / Harbin;Z-9 Haitun
ASTR;IAI;1125 Astra
ASTR;IAI;Gulfstream G100
AT3;AIDC;AT-3 Tzu-Chung
AT3P;Air Tractor;AT-300 / AT-301 / AT-401
AT3T;Air Tractor;AT-302 / AT-400 / AT-402
AT43;ATR;ATR 42-200 / 42-300
AT44;ATR;ATR-42-400
AT45;ATR;ATR-42-500
AT5P;Air Tractor;AT-501
AT5T;Air Tractor;AT-502 / AT-503
AT6T;Air Tractor;AT-602
AT72;ATR;ATR 72
AT8T;Air Tractor;AT-802
ATLA;Dassault-Breguet;1150 Atlantic / Atlantique 2
ATP;BAe;ATP
AU11;Beagle;E-3 Auster AOP11
AUJ2;Auster;J-2 Arrow
AUJ4;Auster;J-4 Archer
AUS3;Taylorcraft;Auster 3
AUS4;Taylorcraft;Auster 4
AUS5;Auster;Auster 5 Alpha
AUS5;Taylorcraft;Auster 5 Alpha
AUS6;Auster;Auster AOP6
AUS6;Beagle;A-61 Terrier / Tugmaster
AUS6;Taylorcraft;Auster AOP6
AUS7;Auster;Auster T7
AUS9;Auster;Auster AOP9
AVIN;AVRO;594 / 616 Avian
B06;Agusta / AgustaWestland;AB-206 JetRanger / LongRanger
B06;Bell Helicopter;JetRanger / OH-58 Kiowa
B06T;Tridair;206L-ST Gemini ST
B06T;Bell Helicopter;206LT TwinRanger
B1;Rockwell;B-1 Lancer
B103;Beriev;Be-103 Bekas
B105;MBB;BO-105
B14A;Bellanca;14 Cruisair / Cruisemaster / Junior
B14C;Bellanca;14 Bellanca 260A / B / C
B17;Boeing;B-17 Flying Fortress
B18T;Beech;18 (turbine)
B190;Beech;1900
B2;Northrop;B-2 Spirit
B209;Bölkow;BO-209 Monsun
B212;Bell Helicopter;212 Twin Two-Twelve
B212;Agusta / AgustaWestland;AB-212
B212;Bell Helicopter;UH-1N
B214;Bell Helicopter;214C BigLifter
B222;Bell Helicopter;222
B23;Douglas;B-23 / UC-67 Dragon
B230;Bell Helicopter;230
B24;Consolidated;B-24 Liberator
B25;North American;B-25 Mitchell
B26;Douglas;A-26 Invader
B26M;Martin;B-26 Marauder
B29;Boeing;B-29 Superfortress
B350;Beech;300 (B300) Super King Air 350
B36T;Beech;36 Bonanza (turbine)
B407;Bell Helicopter;407
B412;Bell Helicopter;412
B412;Agusta / AgustaWestland;AB-412 Griffon
B412;Bell Helicopter;CH-146 Griffon
B427;Bell Helicopter;427
B427;KAI;SB-427
B429;Bell Helicopter;429 GlobalRanger
B430;Bell Helicopter;430
B461;BAe;BAe-146-100
B462;BAe;BAe-146-200
B463;BAe;BAe-146-300
B47G;Bell Helicopter;47
B47G;Kawasaki;47G
B47G;Agusta / AgustaWestland;AB-47G
B47G;Westland;Sioux
B47J;Bell Helicopter;47J Ranger
B47J;Agusta / AgustaWestland;AB-47J
B52;Boeing;B-52 Stratofortress
B609;Bell-Agusta;BA-609
B701;Boeing;707-100
B703;Boeing;707-300
B703;Boeing;C-137 / KC-137
B712;Boeing;717-200
B720;Boeing;720
B721;Boeing;727-100
B721;Boeing;C-22
B722;Boeing;727-200
B731;Boeing;737-100
B732;Boeing;737-200
B733;Boeing;737-300
B734;Boeing;737-400
B735;Boeing;737-500
B736;Boeing;737-600
B737;Boeing;737-700
B737;Boeing;C-40 Clipper
B738;Boeing;737-800
B739;Boeing;737-900
B741;Boeing;747-100
B742;Boeing;747-200
B742;Boeing;E-4 / VC-25
B743;Boeing;747-300
B744;Boeing;747-400
B748;Boeing;747-8
B74R;Boeing;747SR
B74S;Boeing;747SP
B752;Boeing;757-200
B752;Boeing;C-32
B753;Boeing;757-300
B762;Boeing;767-200
B763;Boeing;767-300
B764;Boeing;767-400
B772;Boeing;777-200
B773;Boeing;777-300
B77L;Boeing;777-200LR
B77L;Boeing;777F
B77W;Boeing;777-300ER
B788;Boeing;787-8 Dreamliner
B789;Boeing;787-9 Dreamliner
BA11;BAC;111 One-Eleven
BA11;ROMBAC;Rombac 1-11 One-Eleven
BABY;Canadian Home Rotors;Baby Belle / Safari
BASS;Beagle;B-206
BCAT;Grumman;F8F Bearcat
BCS1;Bombardier;CSeries CS100
BCS3;Bombardier;CSeries CS300
BDOG;Beagle;B-125 Bulldog
BDOG;BAe;Bulldog
BDOG;Scottish Aviation;Bulldog
BE10;Beech;100 King Air
BE12;Beriev;Be-12 Tchaika
BE17;Beech;17 Staggerwing
BE18;Beech;18
BE20;Beech;1300 Commuter
BE20;Beech;200 Super King Air
BE23;Beech;23 Musketeer
BE23;Beech;23 Sundowner
BE24;Beech;24 Musketeer Super
BE24;Beech;24 Sierra
BE30;Beech;300 Super King Air
BE32;Beriev;Be-30
BE32;Beriev;Be-32
BE33;Beech;33 Bonanza
BE33;Beech;33 Debonair
BE33;HESA;Parastu
BE35;Beech;35 Bonanza
BE36;Beech;36 Bonanza
BE40;Beech;400 Beechjet
BE40;Hawker-Beechcraft;400 Beechjet
BE50;Beech;50 Twin Bonanza
BE50;Beech;Seminole (U-8D/E/G)
BE55;Beech;55 Baron
BE58;Beech;58 Baron
BE60;Beech;60 Duke
BE65;Beech;65 Queen Air
BE70;Beech;70 Queen Air
BE76;Beech;76 Duchess
BE77;Beech;77 Skipper
BE80;Beech;80 Queen Air
BE88;Beech;88 Queen Air
BE95;Beech;95 Travel Air
BE99;Beech;99 Airliner
BE9L;Beech;90 King Air
BE9T;Beech;90 (F90) King Air
BELF;Shorts;SC-5 Belfast
BER2;Beriev;Be-200 Altair
BER4;Beriev;A-40 Albatross
BFIT;Bristol;F-2B Fighter
BFIT;Bristol;Fighter
BK17;Eurocopter;BK-117
BK17;Eurocopter-Kawasaki;BK-117
BK17;Kawasaki;BK-117
BK17;MBB;BK-117
BK17;MBB-Kawasaki;BK-117
BL11;Bleriot;11 / XI
BL17;Bellanca;17 Super Viking
BL19;Bellanca;19 Skyrocket
BL8;Bellanca;8 Decathlon
BL8;Campion;8 Decathlon
BL8;American Champion;8 Scout
BL8;Bellanca;8 Scout
BL8;American Champion;8 Super Decathlon
BLCF;Boeing;747-400LCF Dreamlifter
BLEN;Bristol;149 Blenheim
BLEN;Bristol;149 Bolingbroke
BN2P;Britten Norman;BN-2 Islander
BN2T;Britten Norman;BN-2T Defender 4000 / Turbine Islander
BR14;Breguet;14 Replica
BRB2;Brantly;B-2
BROU;Max Holste;MH-1521 Broussard
BSCA;Boeing;747SCA Shuttle Carrier
BSTP;Bell Helicopter;214ST SuperTransport
BU31;CASA;1-131
BU31;Bücker;B
BU33;CASA;1-133
BU33;Bücker;B
BU81;Bücker;B
BU81;Heliopolis;Gomhouria
BU81;Zlin;Z-181
BU81;Zlin;Z-182
BU81;Zlin;Z-183
BUC;Hawker-Siddeley;Buccaneer
C02T;Cessna;402 (turbine)
C04T;Cessna;404 (turbine)
C06T;Cessna;206 (turbine)
C07T;Cessna;207 (turbine)
C1;Kawasaki;C-1
C101;CASA;C-101 Aviojet
C10T;Cessna;P210 (turbine)
C119;Fairchild;C-119 Flying Boxcar
C120;Cessna;120
C123;Fairchild;C-123 Provider
C125;Northrop;C-125 Raider
C130;Lockheed;C-130 Hercules
C133;Douglas;C-133 Cargomaster
C135;Boeing;C-135 Stratolifter
C140;Cessna;140
C141;Lockheed;C-141 Starlifter
C14T;Cessna;414 (turbine)
C150;Cessna;150
C150;Cessna;A150 Aerobat
C152;Cessna;152
C152;Cessna;A152 Aerobat
C160;Transport Allianz;C-160
C162;Cessna;162 SkyCatcher
C17;Boeing;C-17 Globemaster 3
C17;McDonnell Douglas;C-17 Globemaster 3
C170;Cessna;170
C172;Cessna;172
C172;FMA;P-172
C175;Cessna;175
C177;Cessna;177
C180;Cessna;180
C182;Cessna;182
C182;FMA;A-182
C182;FMA;A-182
C182;Cessna;T182 Turbo Skylane
C185;Cessna;185 Skywagon
C185;Cessna;A185 AgCarryall
C188;Cessna;188 AgPickup / AgWagon
C188;FMA;A-188 AgTruck
C190;Cessna;190
C195;Cessna;195
C2;Grumman;C-2 Greyhound
C205;Cessna;205
C206;Cessna;206 Stationair / Super Skywagon
C206;Cessna;T206 Turbo Stationair
C207;Cessna;207 Skywagon 207
C207;Cessna;207 Stationair 7 / 8
C207;Cessna;T207 Turbo Skywagon 207
C207;Cessna;T207 Turbo Stationair 7 / 8
C208;Cessna;208 Caravan 1
C210;Cessna;210 Centurion
C212;CASA;C-212 Aviocar
C21T;Cessna;421 (turbine)
C25A;Cessna;525A Citation CJ2
C25B;Cessna;525B Citation CJ3
C270;Caudron;C-272 / C-275 Luciole
C270;Caudron;C-275 Luciole
C27J;Aeritalia;C-27J Spartan
C295;CASA;C-295
C303;Cessna;T303 Crusader
C30J;Lockheed;C-130J Hercules
C310;Cessna;310
C320;Cessna;320 Executive Skyknight
C335;Cessna;335
C336;Cessna;336 Skymaster
C337;Cessna;337 Super Skymaster
C340;Cessna;340
C365;EKW / K+W;C-3605
C402;Cessna;401
C402;Cessna;402
C404;Cessna;404 Titan
C411;Cessna;411
C414;Cessna;414
C421;Cessna;421 Golden Eagle
C425;Cessna;425 Conquest 1
C425;Cessna;425 Corsair
C441;Cessna;441 Conquest 2
C441;Cessna;Conquest
C46;Curtiss;C-46 Commando
C5;Lockheed;C-5 Galaxy
C500;Cessna;500 Citation 1
C501;Cessna;501 Citation 1SP
C510;Cessna;510 Citation Mustang
C525;Cessna;525 Citation CJ1
C526;Cessna;526 CitationJet
C550;Cessna;550 Citation 2
C550;Cessna;550 Citation Bravo
C550;Cessna;S550 Citation S2
C551;Cessna;551 Citation 2SP
C560;Cessna;560 Citation 5
C560;Cessna;560 Citation 5 Ultra
C560;Cessna;560 Citation 5 Ultra Encore
C56X;Cessna;560XL Citation Excel
C56X;Cessna;560XL Citation XLS
C650;Cessna;650 Citation 3
C650;Cessna;650 Citation 6
C650;Cessna;650 Citation 7
C680;Cessna;680 Citation Sovereign
C72R;Cessna;172RG Cutlass RG
C750;Cessna;750 Citation X
C77R;Cessna;177RG Cardinal RG
C82;Fairchild;C-82 Packet
C82R;Cessna;R182 Skylane RG
C82R;Cessna;TR182 Turbo Skylane RG
C97;Boeing;C-97 Stratofreighter
CA19;CAC;Boomerang
CA25;CAC;CA-25 Winjeel
CAML;Sopwith;Camel
CARV;Aviation Traders;ATL-98 Carvair
CAT;Consolidated;Catalina / Canso
CE43;Cerva;CE-43 Guepard
CG3;Caudron;G-3
CH1;AIDC;A-CH-1 Chung-Tsing
CH2T;JAI;CH-2000 Sama
CH40;Campion;402 Lancer
CH7A;Aeronca;7 Champion
CH7A;American Champion;7ACA Champ
CH7A;Bellanca;Champ
CH7A;American Champion;7ECA Citabria Aurora
CH7A;Bellanca;Citabria (7ECA)
CH7A;Campion;Citabria (7ECA)
CH7A;Campion;Traveler
CH7B;Bellanca;Citabria (7GCBC/7KCAB)
CH7B;American Champion;Citabria Adventure
CH7B;American Champion;Citabria Explorer
CH80;JAI;CH-8000 Hawk 1
CJ6;Nanchang;CJ-6
CKUO;AIDC;F-CK-1 Ching-Kuo
CL2P;Canadair;CL-215
CL2T;Canadair;CL-215T
CL2T;Canadair;CL-415
CL30;Bombardier;BD-100 Challenger 300
CL41;Canadair;CL-41 Tutor
CL41;Canadair;CT-114 Tutor
CL44;Canadair;CL-44 Forty Four
CL4G;Canadair;CL-44-O Guppy
CL60;Canadair;CL-600 Challenger 600
CL60;Canadair;CL-600 Challenger 601
CL60;Canadair;CL-600 Challenger 604
CL60;Canadair;CL-600 Challenger 605
CLB1;Aero Commander;Ag Commander (B-1)
CLB1;North American Rockwell;B-1 Snipe Commander
CMAS;Cessna;Airmaster
CN35;Airtech;CN-235
CN35;CASA;CN-235
CNBR;BAC;Canberra
CONI;Lockheed;Constellation / Super Constellation
CORS;Chance-Vought;F4U Corsair
CORS;Vought-Sikorsky;F4U Corsair
COUR;Helio;Courier
CP10;CAP;CAP-10
CP10;Mudry;CAP-10
CP13;Piel;Super Emeraude (CP-1310/1315/1330)
CP20;Mudry;CAP-20
CP21;Mudry;CAP-21
CP22;CAP;CAP-222
CP23;Mudry;CAP-230
CP30;Piel;Emeraude
CP32;Piel;Super Emeraude (CP-320/325/328)
CP60;Piel;Diamant
CP75;Piel;B
CP80;Piel;Z
CP90;Piel;Pinocchio
CRES;PAC;Cresco
CRJ1;Canadair;CL-600 Regional Jet CRJ-100
CRJ2;Canadair;CL-600 Regional Jet CRJ-200
CRJ7;Canadair;CL-600 Regional Jet CRJ-700
CRJ9;Canadair;CL-600 Regional Jet CRJ-900
CT4;AESL;CT-4 Airtrainer
CT4;PAC;CT-4 Airtrainer
CVLP;Convair;C-131
CVLP;Convair;CV-240 Convairliner
CVLP;Convair;CV-340 Convairliner
CVLP;Convair;CV-440 Metropolitan
CVLT;Canadair;Cosmopolitan
CVLT;Canadair;CV-580
CVLT;Convair;CV-580
CVLT;Convair;CV-600
CVLT;Convair;CV-640
CYGT;Hawker;Cygnet
D11;Jodel;D-11
D11;Wassmer;D-112
D11;Jodel;D-120
D11;Wassmer;D-120 Paris-Nice
D140;Jodel;D-140 Abeille
D140;Jodel;D-140 Mousquetaire
D140;Mudry;D-140 Mousquetaire
D150;Jodel;D-150 Mascaret
D18;Jodel;D-18
D228;Dornier;228
D228;HAL;228
D250;Robin / Apex;DR-200
D253;Robin / Apex;DR-253 Regent
D28D;Dornier;Do-28D Skyservant
D28T;Dornier;128-6 Turbo Skyservant
D328;Dornier;328
D328;Fairchild-Dornier;328
D4;Auster;D-4
D4;Beagle;D-4
D5;Auster;D-5
D5;Beagle;D-5
D5;Beagle;D-5
D5;Beagle;D-5 Husky
D6;Auster;D-6
D6;Beagle;D-6
D7;Fokker;D-7 Replica
D8;Fokker;D-8 Replica
DA40;Diamond;DA-40
DA42;Diamond;DA-42
DA50;Diamond;DA-50
DC10;McDonnell Douglas;DC-10
DC10;McDonnell Douglas;KC-10 Extender
DC2;Douglas;DC-2
DC3;Douglas;DC-3
DC3S;Douglas;Super DC-3
DC3T;Basler;BT-67 Turbo 67
DC4;Douglas;DC-4
DC6;Douglas;DC-6
DC7;Douglas;DC-7
DC85;Douglas;DC-8-50
DC86;Douglas;DC-8-60
DC87;Douglas;DC-8-70
DC91;Douglas;DC-9-10
DC91;McDonnell Douglas;DC-9-10
DC92;Douglas;DC-9-20
DC92;McDonnell Douglas;DC-9-20
DC93;Douglas;DC-9-30
DC93;McDonnell Douglas;DC-9-30
DC94;Douglas;DC-9-40
DC94;McDonnell Douglas;DC-9-40
DC95;Douglas;DC-9-50
DC95;McDonnell Douglas;DC-9-50
DH2T;De Havilland Canada;DHC-2 Mk3 Turbo Beaver
DH3T;De Havilland Canada;DHC-3 Turbo Otter
DH60;De Havilland;DH-60 Moth
DH80;De Havilland;DH-80 Puss Moth
DH82;De Havilland;DH-82 Tiger Moth
DH83;De Havilland;DH-83 Fox Moth
DH85;De Havilland;DH-85 Leopard Moth
DH87;De Havilland;DH-87 Hornet Moth
DH88;De Havilland;DH-88 Comet Replica
DH89;De Havilland;DH-89 Dragon Rapide
DH8A;De Havilland Canada;DHC-8-100 Dash 8
DH8B;De Havilland Canada;DHC-8-200 Dash 8
DH8C;De Havilland Canada;DHC-8-300 Dash 8
DH8D;De Havilland Canada;DHC-8-400 Dash 8
DH90;De Havilland;DH-90 Dragonfly
DH94;De Havilland;DH-94 Moth Minor
DHA3;De Havilland Australia;DHA-3 Drover
DHC1;De Havilland;DHC-1 Chipmunk
DHC2;De Havilland Canada;DHC-2 Mk1 Beaver
DHC3;De Havilland Canada;DHC-3 Otter
DHC4;De Havilland Canada;DHC-4 Caribou
DHC5;De Havilland Canada;DHC-5 Buffalo
DHC6;De Havilland Canada;DHC-6 Twin Otter
DHC7;De Havilland Canada;DHC-7 Dash 7
DJET;Diamond;D-Jet
DJIN;Sud-Ouest / SNCASO;SO-1221 Djinn
DJIN;Sud;SO-1221 Djinn
DO27;Dornier;Do-27
DO28;Dornier;Do-28A / Do-28B
DOVE;De Havilland;DH-104 Dove
DOVE;Hawker-Siddeley;DH-104 Dove
DR1;Fokker;Dr-1 Replica
DR10;Robin / Apex;Ambassadeur
DV20;Diamond;Katana (DA-20/DV-20)
DWD2;Dewoitine;D-27
DWD2;EKW / K+W;D-27
DWD2;Dewoitine;D-26
DWD2;EKW / K+W;D-26
E110;EMBRAER;EMB-110 Bandeirante
E110;EMBRAER;EMB-111 Bandeirulha
E120;EMBRAER;EMB-120 Brasilia
E121;EMBRAER;EMB-121 Xingu
E135;EMBRAER;EMB-135 / ERJ-135
E135;EMBRAER;EMB-135 / ERJ-140
E145;EMBRAER;EMB-145 / ERJ-145
E170;EMBRAER;EMB-170 / EMB-175 / ERJ-170 / ERJ-175
E190;EMBRAER;EMB-190 / EMB-195 / ERJ-190 / ERJ-195
E2;Grumman;E-2 Hawkeye
E2;Northrop;E-2 Hawkeye
E200;EXTRA;EA-200
E230;EXTRA;EA-230
E300;EXTRA;EA-300
E314;EMBRAER;EMB-314 Super Tucano
E3CF;Boeing;E-3 (CFM56) Sentry
E3TF;Boeing;E-3 (TF33) Sentry
E400;EXTRA;EA-400
E45X;EMBRAER;EMB-145XR / ERJ-145XR
E500;EXTRA;EA-500
E50P;EMBRAER;EMB-500 Phenom 100
E55P;EMBRAER;EMB-505 Phenom 300
E6;Boeing;E-6 Mercury
EA50;Eclipse;Eclipse 500
EAGL;Christen;Eagle
EC20;Eurocopter;EC-120 Colibri
EC20;HAMC / Harbin;HC-120
EC20;Airbus (Helicopters);H120
EC25;Eurocopter;EC-225 Super Puma Mk2+
EC25;Eurocopter;EC-725 Cougar Mk2+
EC25;Airbus (Helicopters);H225
EC30;Eurocopter;EC-130
EC30;Airbus (Helicopters);H130
EC35;Eurocopter;EC-135
EC35;Eurocopter;EC-635
EC35;Airbus (Helicopters);H135
EC45;Eurocopter;BK-117C-2
EC45;Eurocopter-Kawasaki;BK-117C-2
EC45;Kawasaki;BK-117C-2
EC45;Eurocopter;EC-145
EC45;Eurocopter-Kawasaki;EC-145
EC45;Airbus (Helicopters);H145
EC55;Eurocopter;EC-155
EC55;Airbus (Helicopters);H155
EDGE;Zivko;Edge 540
EH10;EH Industries;CH-149 Cormorant
EH10;Agusta / AgustaWestland;EH-101
EH10;EH Industries;EH-101
EH10;Kawasaki;KHI-01
ELST;Pützer;Elster
EN28;Enstrom;280 Shark
EN28;Enstrom;F-28
EN48;Enstrom;480
ERCO;Air Products;Aircoupe
ERCO;Forney / Fornaire;Aircoupe
ERCO;Mooney;Aircoupe
ERCO;ERCO;Ercoupe
ETAR;Dassault;Etendard 4
ETAR;Dassault;Super Etendard
EUFI;Eurofighter;C-16 Typhoon
EUFI;Eurofighter;CE-16 Typhoon
EUFI;Eurofighter;Eurofighter 2000
EUFI;Eurofighter;Typhoon
EXPL;MD Helicopters;MD-902 Explorer
F1;Mitsubishi;F-1
F100;Fokker;100
F104;Lockheed;F-104 Starfighter
F106;Convair;QF-106 Delta Dart
F111;General Dynamics;F-111
F117;Lockheed;F-117 Nighthawk
F14;Grumman;F-14 Tomcat
F15;Boeing;F-15 Eagle
F156;Morane-Saulnier;Criquet
F156;Fieseler;Fi-156 Storch
F156;Benes-Mraz;K-65 Cap
F16;General Dynamics;F-16 Fighting Falcon
F16;Lockheed;F-16 Fighting Falcon
F18;Boeing;FA-18 Hornet
F18;McDonnell Douglas;FA-18 Hornet
F18;Boeing;FA-18 Super Hornet
F18;McDonnell Douglas;FA-18 Super Hornet
F2;Mitsubishi;F-2
F22;Lockheed;F-22 Raptor
F260;Aermacchi / Macchi;SF-260
F260;SIAI-Marchetti;SF-260
F26T;SIAI-Marchetti;SF-260TP
F27;Fokker;F-27 Friendship
F27;Fairchild-Hiller;FH-227
F28;Fokker;F-28 Fellowship
F2TH;Dassault;Falcon 2000
F35;Lockheed;F-35 Lightning II
F3F;Grumman;F3F Replica
F3F;Grumman;G-11 Replica
F3F;Grumman;G-32 Replica
F4;McDonnell;F-4 Phantom 2
F406;Cessna;F406 Caravan 2
F406;Reims;F406 Caravan 2
F406;Reims;F406 Vigilant
F5;Canadair;CF-5
F5;AIDC;F-5 Chung-Cheng
F5;Northrop;F-5 Chung-Cheng
F50;Fokker;50
F60;Fokker;60
F600;SIAI-Marchetti;SF-600 Canguro
F70;Fokker;70
F8;Chance-Vought;F8 Crusader
F8;LTV;F-8 Crusader
F86;Canadair;CL-13 Sabre
F86;North American;F-86 Sabre
F8L;Aviamilano;F-8L Falco
F900;Dassault;Falcon 900
F900;Dassault;Myst
F9F;Grumman;F9F Panther
FA10;Dassault;Falcon 10
FA10;Dassault;Myst
FA10;Dassault;Myst
FA10;Dassault;Myst
FA11;Fairchild;F-11 Husky
FA20;Dassault;Falcon 20
FA20;Dassault;Myst
FA20;Dassault;Myst
FA24;Fairchild;UC-61 Argus
FA24;Fairchild;UC-61 Forwarder
FA50;Dassault;Falcon 50
FA50;Dassault;Myst
FA62;Fairchild;Cornell
FA7X;Dassault;Falcon 7X
FALM;Miles;M-3 Falcon Major
FANT;RFB;Fantrainer
FC1;Chengdu;FC-1 Super 7
FFLY;Fairey;Firefly
FH11;Fairchild-Hiller;FH-1100
FLAM;Dassault;Flamant
FN33;SIAI-Marchetti;FN-333 Riviera
FOUG;Aerospatiale / SNIAS;CM-170R Magister
FOUG;Fouga;CM-170R Magister
FOUG;Potez;CM-170R Magister
FOUG;Sud;CM-170R Magister
FOUG;Potez;CM-175 Z
FREL;Aerospatiale / SNIAS;SA-321 Super Frelon
FREL;Sud;SA-321 Super Frelon
FU24;Fletcher;FU-24
FURY;Hawker;Fury
FURY;Hawker;Sea Fury
FW44;Focke-Wulf;Fw-44 Stieglitz
FW90;Focke-Wulf;Fw-190 Replica
G109;Grob;G-109
G115;Grob;G-115
G120;Grob;G-120
G140;Grob;G-140TP
G150;IAI;Gulfstream G150
G159;Grumman;G-159 Gulfstream 1
G15T;Grob;G-115T Acro
G160;Grob;G-160 Ranger
G164;American;G-164 Ag-Cat
G164;Grumman;G-164 Ag-Cat
G164;Schweizer;G-164 Ag-Cat
G21;Grumman;G-21A Goose
G222;Aeritalia;C-27A Spartan
G222;Aeritalia;G-222
G2GL;SOKO;G-2 Galeb
G44;Grumman;G-44 Widgeon
G46;Fiat;G-46
G4SG;SOKO;G-4 Super Galeb
G59;Fiat;G-59
G64T;Schweizer;G-164 Ag-Cat Turbine
G64T;Ag-Cat;G-164 Super Turbine
G64T;American;G-164 Turbo Ag-Cat
G64T;Grumman;G-164 Turbo Ag-Cat
G64T;Schweizer;G-164 Turbo Ag-Cat
G73;Grumman;G-73 Mallard
G73T;Grumman;G-73T Turbo Mallard
G96;Grumman;G-96 Trader
GA20;Gippsland;Fatman
GA20;Gippsland;GA-200 Fatman
GA7;American;GA-7 Cougar
GA7;SOCATA;TB-360 Tangara
GA8;Gippsland;GA-8 Airvan
GALX;IAI;1126 Galaxy
GALX;IAI;Gulfstream G200
GANT;Fairey;Gannet
GAUN;Gloster;Gauntlet
GAZL;SOKO;H-45 Partizan
GAZL;Aerospatiale / SNIAS;SA-341 / SA-342 Gazelle
GAZL;Sud;SA-341 / SA-342 Gazelle
GC1;Globe;GC-1 Swift
GEMI;Miles;M-65 Gemini
GF20;Grob;GF-200
GL5T;Bombardier;BD-700 Global 5000
GLAD;Gloster;Gladiator
GLEX;Bombardier;BD-700 Global Express
GLF2;Grumman;G-1159 Gulfstream 2
GLF2;Gulfstream;G-1159 Gulfstream 2
GLF3;Gulfstream;G-1159A Gulfstream 3
GLF4;Gulfstream;G-4 Gulfstream 4
GLF4;Gulfstream;G-4 Gulfstream G300
GLF4;Gulfstream;G-4 Gulfstream G350
GLF4;Gulfstream;G-4 Gulfstream G400
GLF4;Gulfstream;G-4X Gulfstream G450
GLF5;Gulfstream;G-5 Gulfstream 5
GLF5;Gulfstream;G-5SP Gulfstream G500
GLF5;Gulfstream;G-5SP Gulfstream G550
GNAT;Folland;Fo-144 Gnat
GNAT;Hawker-Siddeley;Gnat
GSPN;Grob;G-180 SPn Utility Jet
GY80;SOCATA;GY-80 Horizon
H111;CASA;2-111
H111;Heinkel;He-111
H12T;Hiller;UH-12ET
H2;Kaman;SH-2 Seasprite
H25A;De Havilland;DH-125
H25A;Hawker-Siddeley;HS-125-1
H25B;BAe;BAe-125-700
H25B;Hawker-Siddeley;HS-125-700
H25B;Hawker-Beechcraft;Hawker 800
H25B;Hawker-Beechcraft;Hawker 850
H25C;BAe;BAe-125-1000
H25C;Hawker-Beechcraft;Hawker 1000
H269;Hughes;269
H269;Schweizer;269
H269;Hughes;300
H269;Hughes;TH-55 Osage
H43A;Kaman;HH-43A
H43B;Kaman;HH-43B Huskie
H46;Boeing Vertol;107
H46;Boeing Vertol;CH-113 Labrador
H46;Boeing Vertol;CH-46 Sea Knight
H46;Boeing Vertol;HH-46 Sea Knight
H46;Kawasaki;KV-107
H46;Boeing Vertol;UH-46 Sea Knight
H47;Boeing Vertol;CH-47 Chinook
H47;Boeing Vertol;MH-47 Chinook
H500;Hughes;369
H500;Hughes;OH-6 Cayuse
H500;Hughes;500
H500;MD Helicopters;MD-500
H500;MD Helicopters;MD-530
H53;Sikorsky;CH-53
H53;Sikorsky;S-65
H53S;Sikorsky;CH-53E Super Stallion
H53S;Sikorsky;MH-53E Sea Dragon
H60;Sikorsky;AH-60 Black Hawk
H60;Sikorsky;MH-60 Black Hawk
H60;Sikorsky;S-70 Black Hawk
H60;Mitsubishi;S-70 Seahawk
H64;Hughes;77 Apache
H64;Hughes;AH-64 Apache
H64;McDonnell Douglas;AH-64 Apache
H64;Boeing Vertol;AH-64 Longbow Apache
H64;Fuji;AH-64 Longbow Apache
H64;McDonnell Douglas;AH-64 Longbow Apache
H66;Boeing-Sikorsky;RAH-66 Comanche
HA31;HAL;HA-31 Basant
HA4T;Hawker-Beechcraft;4000 Hawker Horizon
HA4T;Hawker-Beechcraft;Hawker 4000
HAR;Boeing;AV-8 Harrier
HAR;McDonnell Douglas;AV-8 Harrier
HAR;BAe;Harrier
HAR;Hawker-Siddeley;Harrier
HAR;BAe;Sea Harrier
HAWK;BAe;Hawk
HAWK;Hawker-Siddeley;Hawk
HCAT;Grumman;F6F Hellcat
HDJT;Honda;HA-420 HondaJet
HERN;De Havilland;DH-114 Heron
HERN;Hawker-Siddeley;DH-114 Heron
HF20;HFB;HFB-320 Hansa
HF20;MBB;HFB-320 Hansa
HI27;Hirth;Hi-27 Acrostar
HIND;Hawker;Hind
HR10;Robin / Apex;HR-100
HR20;Robin / Apex;HR-200
HT16;HAL;HJT-16 Kiran
HT2;HAL;HT-2
HT32;HAL;HPT-32 Deepak
HT36;HAL;HJT-36 Sitara
HUCO;Bell Helicopter;209 HueyCobra
HUNT;Hawker;Hunter
HURI;Hawker;Hurricane
HURI;Hawker;Sea Hurricane
HUSK;Aviat;A-1 Husky
I103;Ilyushin;Il-103
I114;Ilyushin;Il-114
I153;Polikarpov;I-153
I15B;Polikarpov;I-15bis
I16;Polikarpov;I-16
I23;PZL Swidnik;I-23 Manager
I3;Technoavia (Interavia);I-3
IA46;FMA;IA-46 Ranquel
IA46;FMA;IA-46 Super Ranquel
IA50;FMA;IA-50 Guarani 2
IA50;FMA;IA-50 Guarani 2
IA51;FMA;IA-51 Tehuelche
IA51;FMA;IA-51 Tehuelche
IA58;FMA;IA-58 Pucar
IA63;FMA;IA-63 Pampa
IL14;Ilyushin;Il-14
IL18;Ilyushin;Il-18
IL18;Ilyushin;Il-20
IL18;Ilyushin;Il-22 Zebra
IL18;Ilyushin;Il-24
IL28;HAMC / Harbin;H-5
IL28;Ilyushin;Il-28
IL38;Ilyushin;Il-38
IL62;Ilyushin;Il-62
IL76;Ilyushin;Il-76
IL76;Ilyushin;Il-78
IL76;Ilyushin;Il-82
IL86;Ilyushin;Il-86
IL86;Ilyushin;Il-87
IL96;Ilyushin;Il-96
IPAN;EMBRAER;EMB-200 Ipanema
IR27;ROMBAC;IAR-827 Dacic
IR46;IAR;IAR-46
IS28;IAR;IS-28M2
J1;Auster;J-1 Aiglet
J1;Taylorcraft;J-1 Autocrat
J10;Chengdu;F-10
J10;Chengdu;J-10
J2;Piper;Cub (J-2)
J2;Piper;J-2 Cub
J3;Piper;Cub (J-3/L-4/NE)
J328;Fairchild-Dornier;328JET
J328;Fairchild-Dornier;Envoy 3
J4;Piper;J-4 Cub Coupe
J5;Piper;J-5 Cub Cruiser
J5;Piper;L-14 Cub Cruiser
J8A;Shenyang;F-8-1
J8A;Shenyang;J-8-1
J8B;Shenyang;F-8-2 /-3 /-4
J8B;Shenyang;J-8-2 /-3 /-4
JAGR;BAC;Jaguar
JAGR;BAe;Jaguar
JAGR;Breguet;Jaguar
JAGR;SEPECAT;Jaguar
JAGR;SEPECAT;Jaguar
JAGR;HAL;Shamsher
JAST;SOKO;Jastreb
JCOM;IAI;1121 Commodore Jet
JCOM;Aero Commander;1121 Jet Commander
JN76;Caudron;CR-760 Cyclone Replica
JN76;Caudron;JN-760 Cyclone Replica
JP10;GAP;JP100 Kestrel
JPRO;BAC;167 Strikemaster
JPRO;BAe;BAC-167 Strikemaster
JPRO;BAC;145 Jet Provost
JPRO;Hunting;P-84 Jet Provost
JPRO;Hunting Percival;P-84 Jet Provost
JS1;Handley Page;HP-137 Jetstream 1
JS20;Handley Page;HP-137 Jetstream 200
JS20;Handley Page;Jetstream 200
JS20;Scottish Aviation;Jetstream T.Mk.1
JS20;Scottish Aviation;Jetstream T.Mk.2
JS31;BAe;BAe-3100 Jetstream 31
JS31;BAe;Jetstream 31
JS31;BAe;Jetstream T.Mk.3
JS32;BAe;BAe-3200 Jetstream Super 31
JS41;BAe;BAe-4100 Jetstream 41
JU52;CASA;352L
JU52;Junkers;Ju-52/3m
JUNR;Bölkow;BO-208 Junior
JUNR;MFI;MFI-9 Junior
K126;Kamov;Ka-126
K226;Kamov;Ka-226
K35A;Boeing;KC-135A Stratotanker
K35E;Boeing;KC-135D/E Stratotanker
K35R;Boeing;KC-135R/T Stratotanker
K50;KAI;A-50 Golden Eagle
K50;KAI;T-50 Golden Eagle
K8;Nanchang;JL-8 Karakorum
K8;Nanchang;K-8 Karakorum
KA25;Kamov;Ka-25
KA26;Kamov;Ka-26
KA27;Kamov;Ka-27
KA27;Kamov;Ka-28
KA27;Kamov;Ka-29
KA27;Kamov;Ka-31
KA27;Kamov;Ka-32
KA50;Kamov;Ka-50
KA52;Kamov;Ka-52
KA62;Kamov;Ka-60
KA62;Kamov;Ka-62
KE3;Boeing;KE-3
KFIR;IAI;Kfir
KH4;Kawasaki;KH-4
KL07;Bölkow;Kl-107
KL07;Klemm;Kl-107
KL25;Klemm;L-25
KL35;Klemm;Kl-35
KM2;Fuji;KM-2
KM2;Fuji;TL-1
KMAX;Kaman;K-1200 K-Max
KR34;Fairchild;Challenger
KR34;Fairchild;KR-34 Challenger
KRAG;SOKO;J-20 Kraguj
KRAG;SOKO;P-2 Kraguj
KT1;KAI;KO-1 Woong-Bee
KT1;KAI;KT-1 Woong-Bee
L10;Lockheed;L-10 Electra
L101;Lockheed;L-1011 TriStar
L11;Luscombe;11A Sedan
L12;Lockheed;L-12 Electra Junior
L13;Convair;L-13
L14;Lockheed;L-14 Hudson
L14;Lockheed;L-14 Super Electra
L159;AERO;L-159 Albatros 2
L18;Lockheed;L-18 Lodestar
L18;Learjet;Learstar
L188;Lockheed;L-188 Electra
L200;LET;L-200 Morava
L29;AERO;L-29 Delfin
L29A;Lockheed;L-1329 Jetstar 6 / 8
L29B;Lockheed;L-1329 Jetstar 2
L37;Lockheed;B-34 Lexington
L37;Lockheed;PV-1 Ventura
L37;Lockheed;PV-2 Harpoon
L39;AERO;L-39 Albatros
L39;AERO;L-39 Albatross
L40;Orlican;L-40 Meta Sokol
L410;LET;L-410 Turbolet
L410;LET;L-420 Turbolet
L5;Stinson;L-5 Sentinel
L59;AERO;L-59
L60;AERO;L-60 Brigadyr
L610;LET;L-610
L8;Luscombe;8
L8;Luscombe;50
L90;Aermacchi / Macchi;M-290TP Redigo
LA25;Lake Aircraft;LA-250 / LA-270
LA4;Lake Aircraft;LA-4 / LA-200 Buccaneer
LA60;Aermacchi / Macchi;AL-60
LA60;Atlas;AL-60 Kudu
LA60;Lockheed;LASA-60
LA60;Lockheed-Azcarate;LASA-60 Santa Maria
LAMA;HAL;SA-315 Cheetah / Cheetal / Lancer
LAMA;Aerospatiale / SNIAS;SA-315 Lama
LAMA;Sud;SA-315 Lama
LANC;AVRO;683 Lancaster
LARK;North American Rockwell;100 Lark Commander
LJ23;Learjet;23
LJ24;Learjet;24
LJ25;Learjet;25
LJ31;Learjet;31
LJ35;Learjet;35
LJ35;Shin Meiwa;U-36
LJ40;Learjet;40
LJ45;Learjet;45
LJ55;Learjet;55
LJ60;Learjet;60
LTNG;BAC;Lightning
LYNX;Westland;Lynx
LYNX;Westland;Super Lynx
LYSA;Westland;Lysander
M10;Mooney;M-10 Cadet
M101;Myasishchev;M-101
M110;Aviat;110 Special
M15;PZL Mielec;M-15 Belphegor
M17;Myasishchev;M-17 Stratosfera
M18;PZL Mielec;M-18 Dromader
M18T;PZL Mielec;M-18 Turbine Dromader
M200;North American Rockwell;Commander 200
M200;Aero Commander;Commander 200
M203;Myasishchev;M-203 Barsuk
M20P;Mooney;M-20
M20T;Mooney;M-20K 252TSE / M-20M
M22;Mooney;M-22 Mustang
M28;PZL Mielec;M-28 Skytruck
M2HK;Miles;M-2 Hawk Major
M2HK;Miles;M-2 Hawk Speed Six
M308;Aermacchi / Macchi;MB-308
M326;EMBRAER;AT-26 Xavante
M326;CAC;CA-30
M326;EMBRAER;EMB-326 Xavante
M326;Aermacchi / Macchi;MB-326
M326;CAC;MB-326
M326;Atlas;MB-326 Impala
M339;Aermacchi / Macchi;MB-339
M404;Martin;404
M55;Myasishchev;M-55 Geophysica
MAGI;Miles;M-14 Magister
MARS;Martin;JRM Mars
MD11;McDonnell Douglas;MD-11
MD52;McDonnell Douglas;AH-6J
MD52;McDonnell Douglas;MD-520N
MD52;MD Helicopters;MD-520N
MD52;McDonnell Douglas;MD-530N
MD52;McDonnell Douglas;MH-6J
MD60;McDonnell Douglas;MD-600N
MD60;MD Helicopters;MD-600N
MD81;McDonnell Douglas;MD-81
MD82;McDonnell Douglas;MD-82
MD83;McDonnell Douglas;MD-83
MD87;McDonnell Douglas;MD-87
MD88;McDonnell Douglas;MD-88
MD90;McDonnell Douglas;MD-90
ME08;Nord / SNCAN;1001 Pingouin 1
ME08;Nord / SNCAN;1002 Pingouin 2
ME08;Messerschmitt;Bf-108 Taifun
ME09;Messerschmitt;Bf-109
ME09;Hispano;HA-1112 Buchon
ME62;Messerschmitt;Me-262 Replica
MESS;Miles;M-38 Messenger
METR;Armstrong Withworth;Meteor
METR;Gloster;Meteor
MF17;Saab;MFI-15 Safari
MF17;Saab;MFI-17 Supporter
MG15;PZL Mielec;LiM-1
MG15;PZL Mielec;LiM-2
MG15;Mikoyan;MiG-15
MG15;AERO;S-102
MG15;AERO;S-103
MG17;Shenyang;F-5
MG17;Chengdu;FT-5
MG17;Shenyang;J-5
MG17;Chengdu;JJ-5
MG17;PZL Mielec;LiM-5
MG17;PZL Mielec;LiM-6
MG17;Mikoyan;MiG-17
MG19;Nanchang;F-6
MG19;Shenyang;F-6
MG19;Nanchang;J-6
MG19;Shenyang;J-6
MG19;Mikoyan;MiG-19
MG21;Chengdu;F-7
MG21;Chengdu;J-7
MG21;Mikoyan;MiG-21
MG23;Mikoyan;MiG-23
MG23;Mikoyan;MiG-27
MG23;HAL;MiG-27 Bahadur
MG25;Mikoyan;MiG-25
MG29;Mikoyan;MiG-29
MG29;Mikoyan;MiG-33
MG31;Mikoyan;MiG-31
MG44;Mikoyan;MiG 1-44
MGAT;Mikoyan;MiG-AT
MH20;Mitsubishi;MH-2000
MI10;Mil;Mi-10
MI14;Mil;Mi-14
MI2;Mil;Mi-2
MI2;PZL Swidnik;Mi-2
MI24;Mil;Mi-24
MI24;Mil;Mi-25
MI24;Mil;Mi-35
MI26;Mil;Mi-26
MI28;Mil;Mi-28
MI34;Mil;Mi-34
MI38;Mil;Mi-38
MI4;Mil;Mi-4
MI4;HAMC / Harbin;Z-5
MI6;Mil;Mi-6
MI6;Mil;Mi-22
MI8;Mil;Mi-17
MI8;Mil;Mi-8
MI8;Mil;Mi-9
MI8;Mil;Mi-19
MIR2;Dassault;Mirage 2000
MIR4;Dassault;Mirage 4
MIRA;CAC;CA-29 Mirage 3
MIRA;Atlas;Cheetah
MIRA;IAI;Dagger
MIRA;Dassault;Mirage 3
MIRA;Dassault;Mirage 5
MIRA;Dassault;Mirage 50
MITE;Mooney;M-18
MONA;Miles;M-17 Monarch
MOSQ;De Havilland;DH-98 Mosquito
MRF1;Dassault;Mirage F1
MS18;SOCATA;MS-200FG Morane
MS23;Morane-Saulnier;MS-230
MS25;SOCATA;MS-200RG Morane
MS30;SOCATA;MS-300 Epsilon 2
MS31;Morane-Saulnier;MS-315
MS31;Morane-Saulnier;MS-317
MS73;Morane-Saulnier;MS-733 Alcyon
MS76;Morane-Saulnier;MS-760 Paris
MSAI;Morane-Saulnier;AI
MSAI;Morane-Saulnier;MoS-27
MSAI;Morane-Saulnier;MoS-29
MSAI;Morane-Saulnier;MoS-30
MT2;Mitsubishi;T-2
MU2;Mitsubishi;MU-2
MU30;Mitsubishi;MU-300 Diamond
MYA4;Myasishchev;M-4
MYS4;Dassault;MD-454A Myst
N110;Nord / SNCAN;1100 Noralpha
N120;Nord / SNCAN;1200 Norecrin
N260;Nord / SNCAN;260 Super Broussard
N260;Max Holste;MH-260 Super Broussard
N262;Nord / SNCAN;262
N262;Aerospatiale / SNIAS;Fr
N262;Aerospatiale / SNIAS;N-262 Fr
N320;Nord / SNCAN;3202
N340;Nord / SNCAN;3400
N5;Nanchang;N-5
NAVI;North American;Navion
NAVI;Ryan;Navion
NC85;Nord / SNCAN;NC-854
NC85;Nord / SNCAN;NC-858
NI28;Nieuport;28 Replica
NIBB;Aviamilano;F-14 Nibbio
NIM;BAe;Nimrod
NIM;BAe;Nimrod
NIM;Hawker-Siddeley;Nimrod
NIPR;Avions Fairey;T-66 Nipper
NIPR;Slingsby;T-66 Nipper
NOMA;GAF;Nomad
NORA;Nord / SNCAN;2501 Noratlas
NORS;Noorduyn;Norseman
O1;Cessna;Bird Dog
O1;Fuji;Bird Dog
OH1;Kawasaki;OH-1
OPCA;Edgley / Optica;EA-7 Optica
OSCR;Partenavia;P-64 Oscar
OSCR;Partenavia;P-66 Charlie
P136;Piaggio;P-136
P148;Piaggio;P-148
P149;Focke-Wulf;FWP-149
P149;Piaggio;P-149
P180;Piaggio;P-180 Avanti
P19;Aviamilano;P-19 Scricciolo
P2;Lockheed;P-2 Neptune
P210;Cessna;P210 Pressurized Centurion
P28A;Piper;Cherokee (PA-28-140/150/160/180)
P28A;EMBRAER;Carioquinha
P28A;EMBRAER;EMB-712
P28A;EMBRAER;EMB-712 Tupi
P28A;EMBRAER;Tupi
P28B;Piper;Cherokee (PA-28-235)
P28B;EMBRAER;EMB-710 Carioca
P28R;Piper;PA-28R-180 Cherokee Arrow
P28R;Piper;PA-28R-200 Cherokee Arrow
P28R;Piper;PA-28R-201 Cherokee Arrow 3
P28R;Piper;PA-28R-201T Turbo Cherokee Arrow 3
P28R;EMBRAER;EMB-711B Corisco
P28T;Piper;PA-28RT-201 Arrow 4
P28T;Piper;PA-28RT-201T Turbo Arrow 4
P28T;EMBRAER;EMB-711ST Corisco 2 Turbo
P3;Lockheed;CP-140 Aurora
P3;Kawasaki;P-3 Orion
P3;Lockheed;P-3 Orion
P3;Lockheed;P-3 Orion
P32R;Piper;PA-32R-300 Cherokee Lance
P32R;Piper;PA-32R-300 Lance
P32R;Piper;PA-32R-301 Saratoga 2 HP
P32R;EMBRAER;EMB-721 Sertanejo
P32T;Piper;PA-32RT-300T Turbo Lance 2
P337;Reims;FT337G Pressurized Skymaster
P337;Cessna;P337 Pressurized Skymaster
P38;Lockheed;F-5 Lightning
P38;Lockheed;P-38 Lightning
P39;Bell Aircraft;P-39 Airacobra
P40;Curtiss;Kittyhawk
P40;Curtiss;P-40 Warhawk
P46T;Piper;PA-46-500TP Malibu Meridian
P47;Republic;F-47 Thunderbolt
P4Y;Convair;PB4Y Privateer
P51;CAC;CA-18 Mustang
P51;North American;P-51 Mustang
P57;Partenavia;P-57 Fachiro 2
P61;Northrop;P-61 Black Widow
P63;Bell Aircraft;P-63 Kingcobra
P66P;Piaggio;P-166
P66T;Piaggio;P-166DL3
P66T;Piaggio;P-166DP1
P68;Partenavia;P-68 Observer
P68;Partenavia;P-68 Victor
P68T;Partenavia;AP-68TP-300 Spartacus
P750;PAC;750XL
P808;Piaggio;PD-808
P82;North American;F-82 Twin Mustang
P82;North American;P-82 Twin Mustang
PA11;Piper;PA-11 Cub Special
PA12;Piper;PA-12 Super Cruiser
PA14;Piper;PA-14 Family Cruiser
PA15;Piper;PA-15 Vagabond
PA16;Piper;PA-16 Clipper
PA17;Piper;PA-17 Vagabond
PA18;Piper;PA-18 Super Cub
PA20;Piper;PA-20 Pacer
PA22;Piper;PA-22 Caribbean
PA22;Piper;PA-22 Colt
PA22;Piper;PA-22 Tri-Pacer
PA23;Piper;PA-23 Apache
PA24;Piper;PA-24 Comanche
PA25;EMBRAER;PA-25 Pawnee
PA25;Piper;PA-25 Pawnee
PA27;Piper;PA-23 Aztec
PA27;Piper;PA-23-250 Turbo Aztec
PA30;Piper;PA-30 Twin Comanche
PA31;EMBRAER;EMB-820 Navajo
PA31;Piper;PA-31
PA32;EMBRAER;EMB-720 Minuano
PA32;Piper;PA-32
PA34;EMBRAER;EMB-810 Seneca
PA34;PZL Mielec;M-20
PA34;Piper;PA-34 Seneca
PA36;Piper;PA-36 Pawnee Brave
PA38;Piper;PA-38 Tomahawk
PA44;Piper;PA-44 Seminole
PA46;Piper;PA-46-310P Malibu
PA46;Piper;PA-46-350P Malibu Mirage
PAT4;Piper;PA-31T3-500 T-1040
PAY1;Piper;PA-31T1-500 Cheyenne 1
PAY2;Piper;PA-31T-620 Cheyenne 2
PAY4;Piper;PA-42-1000 Cheyenne 400
PC12;Pilatus;PC-12
PC21;Pilatus;PC-21
PC6P;Pilatus;PC-6 Porter
PC6T;Pilatus;PC-6A/B/C Turbo-Porter
PC7;Atlas;PC-7 Astra
PC7;Denel;PC-7 Astra
PC7;Pilatus;PC-7 Turbo Trainer
PC7;HESA;S-68
PC9;Pilatus;PC-9
PEGA;General Avia;F-20 Pegaso
PEMB;Hunting;P-66 Pembroke
PEMB;Hunting Percival;P-66 Pembroke
PEMB;Percival;P-66 Pembroke
PICO;General Avia;F-15 Delfino
PICO;General Avia;F-15 Picchio
PILL;CASA;E-26 Tamiz
PILL;Piper;PA-28R-300 Pill
PILL;CASA;T-35 Pill
PINO;General Avia;F-22 Pinguino
PLUS;Taylorcraft;Auster 1 / Plus C / Plus D
PO2;PZL Mielec;CSS-13
PO2;PZL Okecie;CSS-13
PO2;Polikarpov;Po-2
PO60;Potez;60 Sauterelle
PO60;Potez;600 Sauterelle
PP2;Pilatus;P-2
PP3;Pilatus;P-3
PPRO;Hunting;P-56 Provost
PPRO;Hunting Percival;P-56 Provost
PPRO;Percival;P-56 Provost
PRCE;Percival;P-57 Sea Prince
PREN;Percival;P-40 Prentice
PRM1;Hawker-Beechcraft;390 Premier 1
PROC;Percival;Proctor
PSW4;PZL Swidnik;SW-4
PT22;Ryan;PT-22 Recruit
PT22;Ryan;ST-3KR Recruit
PTMS;Pitts / Aviat;S-12 Macho Stinker
PTMS;Pitts / Aviat;S-12 Super Stinker
PTS1;Aviat;Pitts S-1 Special
PTS1;Aerotek;Pitts S-1 Special
PTS1;Christen;Pitts S-1 Special
PTS1;Pitts / Aviat;S-1 Special
PTS2;Aviat;Pitts S-2 Special
PTS2;Aerotek;Pitts S-2 Special
PTS2;Christen;Pitts S-2 Special
PTS2;Pitts / Aviat;S-2 Special
PTSS;Aviat;S-1-11 Super Stinker
PTSS;Pitts / Aviat;S-1-11 Super Stinker
PUMA;IAR;IAR-330 Puma
PUMA;Westland;Puma
PUMA;Aerospatiale / SNIAS;SA-330 Puma
PUMA;Sud;SA-330 Puma
PUP;Beagle;B-121 Pup
PZ01;PZL Okecie;PZL-101 Gawron
PZ02;PZL Okecie;PZL-102 Kos
PZ04;PZL Okecie;PZL-104 Wilga
PZ05;PZL Okecie;PZL-105 Flaming
PZ06;PZL Okecie;PZL-106 Kruk
PZ12;PZL Okecie;PZL-112 Koliber Junior
PZ26;PZL Okecie;PZL-126 Mr
PZ3T;PZL Okecie;PZL-130 Orlik
PZ4M;PZL Okecie;PZL-104M Wilga 2000
PZ6T;PZL Okecie;PZL-106AT Turbo Kruk
Q5;Nanchang;A-5
Q5;Nanchang;Q-5
R100;Robin / Apex;R-1180 Aiglon
R135;Boeing;RC-135
R200;Robin / Apex;Alpha
R200;Alpha;R-2160 Alpha 160
R300;Robin / Apex;R-3000
R300;Robin / Apex;R-3100
R300;Robin / Apex;R-3120
R300;Robin / Apex;R-3140
R300;Robin / Apex;R-300
R721;Boeing;727-100RE Super 27
R722;Boeing;727-200RE Super 27
R90F;Ruschmeyer;R-90-230FG
R90R;Ruschmeyer;R-90-230RG
R90T;Ruschmeyer;R-90-420AT
RALL;PZL Okecie;PZL-110 Koliber
RALL;Morane-Saulnier;Rallye 105
RALL;Morane-Saulnier;Rallye Club
RALL;Morane-Saulnier;Rallye Commodore
RALL;Morane-Saulnier;Super Rallye
RC3;Republic;RC-3 Seabee
RC70;Rockwell;Commander 700
RC70;Fuji;FA-300
RELI;Stinson;Reliant
RF10;Fournier;RF-10
RF4;Sportavia-Pützer;RF-4
RF47;Fournier;RF-47
RF5;Sportavia-Pützer;RF-5
RF6;Slingsby;Firefly
RF6;Fournier;RF-6
RF9;Fournier;RF-9
RFAL;Dassault;Rafale
RJ1H;BAe;Avro RJ-100
RJ1H;BAe;RJ-100
RJ70;BAe;Avro RJ-70
RJ70;BAe;RJ-70
RJ85;BAe;Avro RJ-85
RJ85;BAe;RJ-85
ROND;Ambrosini;F-4 Rondone
ROND;Ambrosini;Rondone
RP1;Mitsubishi;RP-1
RS18;Sportavia-Pützer;RS-180 Sportsman
RV10;Vans;RV-10
RV3;Vans;RV-3
RV4;Vans;RV-4
RV4T;Vans;RV-4T
RV6;Vans;RV-6
RV7;Vans;RV-7
RV8;Vans;RV-8
RV9;Vans;RV-9
RVAL;Denel;AH-2 Rooivalk
RVAL;Atlas;CSH-2 Rooivalk
RVAL;Denel;CSH-2 Rooivalk
RYST;Ryan;PT-20
RYST;Ryan;ST-A / ST-M / ST-R
S05F;SIAI-Marchetti;S-205-18F / S-205-20F
S05R;SIAI-Marchetti;S-205-18R / S-205-20R / S-205-22R
S10;Stinson;10 Voyager
S108;Piper;108 Station Wagon
S108;Stinson;108 Station Wagon
S108;Piper;108 Voyager
S108;Stinson;108 Voyager
S11;Fokker;S-11 Instructor
S208;SIAI-Marchetti;S-208
S210;Aerospatiale / SNIAS;SE-210 Caravelle
S210;Sud-Est;SE-210 Caravelle
S210;Sud;SE-210 Caravelle
S211;SIAI-Marchetti;M-311
S211;SIAI-Marchetti;S-211
S223;CASA;223 Flamingo
S223;Hispano;223 Flamingo
S223;MBB;223 Flamingo
S223;SIAT;223 Flamingo
S278;HESA;Shahed 278
S2P;De Havilland Canada;S-2 Tracker
S2P;Grumman;S-2 Tracker
S2T;Grumman;S-2 Turbo Tracker
S2T;IAI;S-2UP Turbo Tracker
S3;Lockheed;S-3 Viking
S330;Schweizer;269D 330
S330;Schweizer;269D 333
S360;Aerospatiale / SNIAS;SA-360 Dauphin
S37;Suchoi / Sukhoi;S-37 Berkut
S37;Suchoi / Sukhoi;Su-47 Berkut
S38;Sikorsky;S-38 Replica
S39;Sikorsky;S-39
S51;Sikorsky;HO3S
S51;Sikorsky;S-51
S52;Sikorsky;HO5S
S52;Sikorsky;S-52
S55P;Sikorsky;CH-19
S55P;Sikorsky;H-19 Chickasaw
S55P;Sikorsky;HH-19
S55P;Sikorsky;S-55
S55T;Sikorsky;S-55T
S55T;Westland;WS-55 Whirlwind 3
S58P;Sikorsky;CH-34 Chocktaw
S58P;Sikorsky;HH-34 Seahorse
S58P;Sikorsky;S-58
S58P;Sikorsky;SH-34 Seabat
S58T;Sikorsky;S-58T
S601;Aerospatiale / SNIAS;SN-601 Corvette
S61;Mitsubishi;HSS-2
S61;Sikorsky;S-61A
S61;Sikorsky;Sea King
S61;Agusta / AgustaWestland;SH-3
S61;Sikorsky;SH-3 Sea King
S61;Sikorsky;S-61N
S61;Westland;Commando
S61;Westland;Sea King
S61;Sikorsky;S-61L
S61R;Sikorsky;CH-3
S61R;Agusta / AgustaWestland;HH-3
S61R;Sikorsky;S-61R
S62;Sikorsky;HH-52 Seaguard
S62;Sikorsky;S-62
S64;Sikorsky;CH-54 Tarhe
S64;Sikorsky;S-64 Skycrane
S65C;Aerospatiale / SNIAS;SA-365C Dauphin 2
S76;Sikorsky;S-76
S92;Sikorsky;S-92 Helibus
SA20;Beriev;SA-20
SA37;Schweizer;SA-2-37A Condor
SAND;Shorts;S-25 Sandringham
SAPH;Piel;CP-1320 Saphir
SASP;Supermarine;Spitfire Mk25
SATA;Hispano;HA-200 Saeta
SATA;CASA;HA-220 Super Saeta
SATA;Hispano;HA-220 Super Saeta
SAVG;Zlin;Savage
SB05;Saab;105
SB20;Saab;2000
SB29;Saab;29 / J29
SB32;Saab;32 / J32 Lansen
SB35;Saab;35 / J35 Draken
SB37;Saab;37 / JA37 Viggen
SB39;Saab;39 Gripen
SB39;Saab;JAS39 Gripen
SB91;Saab;91 Safir
SBD;Douglas;SBD Dauntless
SBR1;North American;Sabreliner
SBR1;North American Rockwell;Sabreliner
SBR2;North American Rockwell;NA-265 Sabre 75
SBR2;Rockwell;NA-265 Sabre 75
SBR2;Rockwell;NA-265 Sabre 80
SC7;Shorts;SC-7 Skyvan
SCOU;Westland;Scout
SE5R;Royal Aircraft Factory;SE-5A Replica
SF34;Saab;340
SG92;Technoavia (Interavia);SM-92T Turbo Finist
SH33;Shorts;330
SH36;Shorts;360
SH5;HAMC / Harbin;SH-5
SHAC;AVRO;696 Shackleton
SHAW;Armstrong Withworth;Sea Hawk
SHAW;Hawker;Sea Hawk
SJ30;Sino Swearingen;SJ-30
SL90;Technoavia (Interavia);I-1
SM19;SIAI-Marchetti;SM-1019
SM20;Technoavia (Interavia);SM-2000
SM60;Stinson;SM-6000 Tri-Motor
SM92;Technoavia (Interavia);SM-92 Finist
SMB2;Dassault;Super Myst
SOKL;Benes-Mraz;M-1 Sokol
SP18;Luscombe;11E Spartan 185
SP55;Technoavia (Interavia);SP-55
SP91;Technoavia (Interavia);SP-91 Slava
SP95;Technoavia (Interavia);SP-95
SPIT;Supermarine;Seafire
SPIT;Supermarine;Spitfire
SR20;Cirrus;SR-20
SR22;Cirrus;SR-22
SR71;Lockheed;SR-71 Blackbird
SS2P;North American Rockwell;Ag Commander
SS2P;Ayres;Bull Thrush
SS2P;Aero Commander;S-2 Ag Commander
SS2P;Ayres;Thrush
SS2P;North American Rockwell;Thrush Commander
SS2P;Rockwell;Thrush Commander
SS2T;Ayres;Turbo Thrush (S-2R-G/T except T660)
SS2T;Thrush;Turbo Thrush (S-2RHG-T34/65)
SSAB;North American;F-100 Super Sabre
ST10;SOCATA;ST-10
ST75;Boeing;75 Kaydet
ST75;Stearman;75 Kaydet
ST75;Stearman;Kaydet
ST75;Boeing;PT-13 Kaydet
ST75;Stearman;PT-13 Kaydet
ST75;Boeing;PT-17 Kaydet
ST75;Stearman;PT-17 Kaydet
ST75;Boeing;PT-18 Kaydet
ST75;Boeing;PT-27 Kaydet
STAR;Beech;2000 Starship
STLN;Helio;Stallion
STRI;Sopwith;Triplane Replica
SU15;Suchoi / Sukhoi;Su-15
SU17;Suchoi / Sukhoi;Su-17
SU17;Suchoi / Sukhoi;Su-20
SU17;Suchoi / Sukhoi;Su-22
SU24;Suchoi / Sukhoi;Su-24
SU25;Suchoi / Sukhoi;Su-25
SU25;Suchoi / Sukhoi;Su-28
SU25;Suchoi / Sukhoi;Su-39
SU26;Suchoi / Sukhoi;Su-26
SU27;Shenyang;J-11
SU27;Suchoi / Sukhoi;Su-27
SU27;Suchoi / Sukhoi;Su-30
SU27;Suchoi / Sukhoi;Su-32
SU27;Suchoi / Sukhoi;Su-34
SU27;Suchoi / Sukhoi;Su-33
SU27;Suchoi / Sukhoi;Su-35
SU27;Suchoi / Sukhoi;Su-37
SU29;Suchoi / Sukhoi;Su-29
SU31;Suchoi / Sukhoi;Su-31
SU38;Suchoi / Sukhoi;Su-38
SU7;Suchoi / Sukhoi;Su-7
SU80;Suchoi / Sukhoi;Su-80
SUBA;Fuji;FA-200 Aero Subaru
SUCO;Bell Helicopter;SuperCobra
SV4;Nord / SNCAN;SV-4
SW2;Swearingen;SA-26 Merlin 2
SW3;Fairchild;Merlin 3
SW3;Fairchild-Swearingen;Merlin 3
SW3;Swearingen;Merlin 3
SW4;Fairchild;Merlin 23
SW4;Fairchild;Merlin 4
SW4;Fairchild-Swearingen;Merlin 4
SW4;Swearingen;Merlin 4
SW4;Fairchild;Metro
SW4;Fairchild-Swearingen;Metro
SW4;Swearingen;Metro
SWIF;Supermarine;Swift
SWOR;Blackburn;Swordfish
SWOR;Fairey;Swordfish
SYCA;Bristol;171 Sycamore
SYCA;Bristol;Sycamore
T1;Fuji;T-1
T134;Tupolev;Tu-134
T144;Tupolev;Tu-144
T154;Tupolev;Tu-154
T160;Tupolev;Tu-160
T2;North American;T-2 Buckeye
T2;North American Rockwell;T-2 Buckeye
T204;Tupolev;Tu-204
T204;Tupolev;Tu-214
T204;Tupolev;Tu-224
T204;Tupolev;Tu-234
T22M;Tupolev;Tu-22M
T250;Bellanca;T-250 Aries
T28;North American;T-28 Trojan
T33;Canadair;CL-30 Silver Star
T33;Canadair;CT-133 Silver Star
T33;Lockheed;T-33 Shooting Star
T33;Lockheed;T-33 T-Bird
T334;Tupolev;Tu-334
T34P;Beech;45 Mentor
T34P;Fuji;T-3 Mentor
T34P;Beech;T-34 Mentor
T34T;Beech;T-34C Turbo Mentor
T34T;Fuji;T-3Kai
T37;Cessna;318 / T-37
T38;Northrop;T-38 Talon
T4;Kawasaki;T-4
T5;Fuji;KM-2Kai
T5;Fuji;T-5
T6;Noorduyn;AT-16 Harvard
T6;North American;AT-6 Texan
T6;North American;SNJ Texan
T6;CCF;T-6 Harvard
T6;North American;T-6 Texan
T7;Fuji;T-7
TA15;Taylorcraft;15 Foursome
TA15;Taylorcraft;15 Tourist
TA20;Taylorcraft;20 Ranchwagon
TA20;Taylorcraft;20 Seabird
TA20;Taylorcraft;20 Topper
TA20;Taylorcraft;20 Zephyr 400
TAMP;SOCATA;Tampico
TAMP;SOCATA;TB-9 Tampico
TAYA;Taylorcraft;A
TAYB;Taylorcraft;BC
TAYD;Taylorcraft;DC
TB30;Aerospatiale / SNIAS;TB-30 Epsilon
TB30;SOCATA;TB-30 Epsilon
TB31;SOCATA;TB-31 Omega
TBM;Grumman;TBF Avenger
TBM7;SOCATA;TBM-700
TBM8;SOCATA;TBM-850
TCAT;Grumman;F7F Tigercat
TCOU;Helio;Twin Courier
TEX2;Hawker-Beechcraft;CT-156 Harvard 2
TEX2;Hawker-Beechcraft;T-6 Texan 2
TF19;Taylorcraft;Sportsman (F-19)
TF21;Taylorcraft;F-21
TF22;Taylorcraft;F-22
TIGR;Eurocopter;EC-665 Tiger / Tigre
TIJU;Avions Fairey;Tipsy Junior
TIPB;Avions Fairey;Tipsy B
TIPB;Avions Fairey;Tipsy BC
TIPB;Avions Fairey;Tipsy Belfair
TIPB;Avions Fairey;Tipsy Trainer
TOBA;SOCATA;TB-10 Tobago
TOR;Panavia;Tornado
TOUR;AESL;Airtourer
TOUR;Victa / AESL;Airtourer
TPIN;Scottish Aviation;Twin Pioneer
TRID;De Havilland;DH-121 Trident
TRID;Hawker-Siddeley;HS-121 Trident
TRIM;Ford;4-AT Tri-Motor
TRIM;Ford;5-AT Tri-Motor
TRIN;SOCATA;TB-20 Trinidad
TRIS;Britten Norman;BN-2A Mk3 Trislander
TRMA;Stinson;Tri-Motor (A)
TS11;PZL Mielec;TS-11 Iskra
TS8;PZL Mielec;TS-8 Bies
TU16;Tupolev;Tu-16
TU22;Tupolev;Tu-22
TU4;Tupolev;Tu-4
TU95;Tupolev;Tu-142
TU95;Tupolev;Tu-20
TU95;Tupolev;Tu-95
TUCA;EMBRAER;EMB-312 Tucano
TUCA;EMBRAER;T-27 Tucano
TUCA;Shorts;Tucano
TUTR;AVRO;621 Tutor
U16;Grumman;Albatross
U2;Lockheed;U-2
U21;Beech;U-21A Ute
UH1;Bell Helicopter;UH-1 Iroquois
UH1;Bell Helicopter;205
UH1;Bell Helicopter;212
UH12;Fairchild-Hiller;OH-23 Raven
UH12;Hiller;OH-23 Raven
UH1Y;Bell Helicopter;UH-1Y
US1;Shin Meiwa;US-1
UT60;UTVA;60
UT65;UTVA;65 Privrednik
UT66;UTVA;66
UT75;UTVA;75
UU12;Udet;U-12 Flamingo Replica
V1;Grumman;OV-1 Mohawk
V10;North American;OV-10 Bronco
V10;North American Rockwell;OV-10 Bronco
V10;Rockwell;OV-10 Bronco
V22;Bell Helicopter;V-22 Osprey
V22;Boeing Vertol;V-22 Osprey
V22;Bell-Boeing;V-22 Osprey
VALI;Convair;BT-13 Valiant
VALI;Vultee;BT-13 Valiant
VAMP;De Havilland;DH-100 Vampire
VAMP;De Havilland;DH-115 Vampire
VAUT;Sud;SO-4050 Vautour
VC10;BAC;VC-10
VC10;Vickers;VC-10
VF14;VFW;VFW-614
VF35;Lockheed;F-35B Lightning II
VGUL;Percival;Vega Gull
VIMY;Vickers;FB-27 Vimy Replica
VISC;Vickers;Viscount
VMT;Myasishchev;VM-T Atlant
VNOM;De Havilland;DH-112 Venom
VO10;Aero Commander;Commander 100
VO10;North American Rockwell;Darter Commander
VO10;Volaircraft;Volaire 10
VP2;Evans;VP-2 Volksplane
VTOR;Partenavia;AP-68TP-600 Viator
W3;PZL Swidnik;W-3 Sok
WA40;Wassmer;WA-40 Super 4
WA41;Wassmer;WA-41 Baladou
WA42;Wassmer;WA-421 Prestige
WA50;Wassmer;WA-51 Pacific
WA50;Wassmer;WA-52 Europa
WA50;Wassmer;WA-54 Atlantic
WA80;Wassmer;WA-80 Piranha
WAC9;WACO;9
WACA;WACO;IBA, PBA, PLA, RBA, UBA, ULA
WACC;WACO;YKC, YKS, YOC, YQC, ZGC, ZKS, ZQC
WACC;WACO;AGC, AQC
WACC;WACO;CJC, CUC, DJC, DQC, EGC, EQC, QDC
WACC;WACO;UEC, UIC, UKC, UKS, VKS
WACD;WACO;S3HD
WACE;WACO;E (ARE/HRE/SRE) Aristocrat
WACF;WACO Classic;YMF
WACF;WACO;YMF, YPF, ZPF
WACF;WACO;CPF, ENF, INF, KNF, PBF, PCF, QCF
WACF;WACO;RNF
WACF;WACO;UBF, UMF, UPF
WACG;WACO;CRG
WACM;WACO;JWM, JYM
WACN;WACO;AVN
WACN;WACO;ZVN
WACO;WACO;10
WACO;WACO;125
WACO;WACO;ASO, ATO
WACO;WACO;BSO, CSO, CTO, DSO
WACO;WACO;GXE
WACO;WACO;PSO
WACO;WACO;QSO
WACT;WACO;RPT
WASP;Westland;Wasp
WCAT;Grumman;F4F Wildcat
WESX;Westland;Wessex
WG30;Westland;30
WHIT;Miles;M-11 Whitney Straight
WIRR;CAC;CA-16 Wirraway
WW23;IAI;1123 Westwind
WW24;IAI;1124 Westwind
Y11;HAMC / Harbin;Y-11
Y112;Yakovlev / Jakovlev;Yak-112
Y12;HAMC / Harbin;Y-12
Y130;Aermacchi / Macchi;M-346
Y130;Yakovlev / Jakovlev;Yak-130
Y141;Yakovlev / Jakovlev;Yak-141
Y18T;Technoavia (Interavia);SM-2000P
Y18T;Technoavia (Interavia);SM-94
Y18T;Yakovlev / Jakovlev;Yak-18T
YAK3;Yakovlev / Jakovlev;Yak-3
YAK9;Yakovlev / Jakovlev;Yak-9
YALE;North American;Yale
YK11;LET;C-11
YK11;Yakovlev / Jakovlev;Yak-11
YK12;PZL Okecie;Yak-12
YK12;Yakovlev / Jakovlev;Yak-12
YK18;Nanchang;CJ-5
YK18;Yakovlev / Jakovlev;Yak-18
YK18;Yakovlev / Jakovlev;Yak-18U
YK28;Yakovlev / Jakovlev;Yak-28
YK38;Yakovlev / Jakovlev;Yak-38
YK40;Yakovlev / Jakovlev;Yak-40
YK42;Yakovlev / Jakovlev;Yak-142
YK42;Yakovlev / Jakovlev;Yak-42
YK50;Yakovlev / Jakovlev;Yak-50
YK52;Aerostar;Yak-52
YK52;Yakovlev / Jakovlev;Yak-52
YK53;Yakovlev / Jakovlev;Yak-53
YK54;Yakovlev / Jakovlev;Yak-54
YK55;Yakovlev / Jakovlev;Yak-55
YK58;Yakovlev / Jakovlev;Yak-58
YS11;NAMC;YS-11
YURO;IAR;IAR-93 / J-22 Orao
YURO;SOKO;J-22 Orao
Z22;Zlin;Z-22 Junak
Z22;Zlin;Zlin Z-22 Junak
Z26;Zlin;Z-126 Trener 2
Z26;Zlin;Zlin Z-126 Trener 2
Z26;Zlin;Z-226 Akrobat
Z26;Zlin;Z-226 Trener 6
Z26;Zlin;Zlin Z-226 Akrobat
Z26;Zlin;Zlin Z-226 Trener 6
Z26;Zlin;Z-326 Akrobat
Z26;Zlin;Z-326 Trener Master
Z26;Zlin;Zlin Z-326 Akrobat
Z26;Zlin;Zlin Z-326 Trener Master
Z26;Zlin;Z-526 Akrobat
Z26;Zlin;Z-526 Trener Master
Z26;Zlin;Zlin Z-526 Akrobat
Z26;Zlin;Zlin Z-526 Trener Master
Z26;Zlin;Z-26 Trener
Z26;Zlin;Z-626
Z26;Zlin;Z-726 Universal
Z26;Zlin;Zlin Z-26 Trener
Z26;Zlin;Zlin Z-626
Z26;Zlin;Zlin Z-726 Universal
Z37P;LET;Z-237 Cmel
Z37P;Zlin;Z-237 Cmel
Z37P;LET;Z-37 Cmel
Z37P;Zlin;Z-37 Cmel
Z37T;Zlin;Z-137 Agro Turbo
Z37T;Zlin;Z-37T Agro Turbo
Z42;Zlin;Z-142
Z42;Zlin;Zlin Z-142
Z42;Zlin;Z-42
Z42;Zlin;Zlin Z-42
Z42;Zlin;Z-242
Z42;Zlin;Zlin Z-242
Z43;Zlin;Z-143
Z43;Zlin;Zlin Z-143
Z43;Zlin;Z-43
Z43;Zlin;Zlin Z-43
Z50;Zlin;Z-50
Z50;Zlin;Zlin Z-50
ZERO;Mitsubishi;A6M Zero
